latitude,longitude,target_speed,way_maxspeed,speed_osrm,elevation,azimuth_diff,elevation_diff,,,,,
50.518304,14.971893,1.776536472,90,4.375,242,0,0,,,,,
50.51830456,14.97187893,1.776536472,90,4.375,242,0,0,,,,,
50.51830513,14.97186486,1.776536472,90,4.375,242,0,0,,,,,
50.51830569,14.97185078,1.776536472,90,4.375,242,0,0,,,,,
50.51830628,14.97183671,2.056782362,90,4.339816125,242,0.42733003,0,,,,,
50.51830691,14.97182265,2.683832986,90,4.261092148,242,0,0,,,,,
50.51830754,14.97180858,3.310883611,90,4.182368171,242,0,0,,,,,
50.51830817,14.97179452,3.937934235,90,4.103644195,242,0,0,,,,,
50.5183088,14.97178045,4.56498486,90,4.024920218,242,0,0,,,,,
50.51830944,14.97176639,4.753175535,90,4.039719912,242,0.06066402,0,,,,,
50.51831008,14.97175232,4.738100011,90,4.097836844,242,0,0,,,,,
50.51831072,14.97173826,4.723024486,90,4.155953776,242,0,0,,,,,
50.51831135,14.97172419,4.707948961,90,4.214070709,242,0,0,,,,,
50.51831199,14.97171013,4.692873437,90,4.272187641,242,0,0,,,,,
50.51831242,14.97169605,4.691338746,90,4.272727273,242,1.356764663,0,,,,,
50.51831285,14.97168196,4.689930965,90,4.272727273,242,0,0,,,,,
50.51831328,14.97166788,4.688523183,90,4.272727273,242,0,0,,,,,
50.5183137,14.97165379,4.687115402,90,4.272727273,242,0,0,,,,,
50.51831419,14.97163972,4.699725868,90,4.260966726,242,1.180023919,0,,,,,
50.5183148,14.97162565,4.744343189,90,4.222354173,242,0,0,,,,,
50.51831541,14.97161158,4.788960509,90,4.18374162,242,0,0,,,,,
50.51831602,14.97159751,4.833577829,90,4.145129068,242,0,0,,,,,
50.51831663,14.97158345,4.878195149,90,4.106516515,242,0,0,,,,,
50.51831728,14.97156938,4.964411094,90,4.082507722,242,0.52781604,0,,,,,
50.51831797,14.97155532,5.113130458,90,4.0804416,242,0,0,,,,,
50.51831867,14.97154127,5.261849821,90,4.078375479,242,0,0,,,,,
50.51831936,14.97152721,5.410569185,90,4.076309357,242,0,0,,,,,
50.51832005,14.97151315,5.559288549,90,4.074243235,242,0,0,,,,,
50.51832075,14.97149909,5.708007912,90,4.072177113,242,0,0,,,,,
50.51832115,14.97148501,5.780228336,90,4.142857143,242,1.144814005,0,,,,,
50.51832166,14.97147094,5.808988271,90,4.142857143,242,0,0,,,,,
50.51832218,14.97145686,5.837748206,90,4.142857143,242,0,0,,,,,
50.51832269,14.97144278,5.866508141,90,4.142857143,242,0,0,,,,,
50.51832321,14.97142871,5.895268077,90,4.142857143,242,0,0,,,,,
50.51832372,14.97141463,5.924028012,90,4.142857143,242,0,0,,,,,
50.5183243,14.97140056,5.952787947,90,4.15890279,241.9251203,0.888252701,-0.074879686,,,,,
50.51832495,14.9713865,5.981547882,90,4.193942564,241.7616014,0,-0.163518944,,,,,
50.51832561,14.97137244,6.010307817,90,4.228982337,241.5980824,0,-0.163518944,,,,,
50.51832626,14.97135837,6.039067752,90,4.264022111,241.4345635,0,-0.163518944,,,,,
50.51832692,14.97134431,6.067827687,90,4.299061885,241.2710445,0,-0.163518944,,,,,
50.51832757,14.97133025,6.096587622,90,4.334101659,241.1075256,0,-0.163518944,,,,,
50.51832819,14.97131618,6.080062207,90,4.330662286,241,0.720230348,-0.107525593,,,,,
50.51832873,14.97130211,5.976574071,90,4.253330337,241,0,0,,,,,
50.51832927,14.97128803,5.873085935,90,4.175998388,241,0,0,,,,,
50.51832981,14.97127396,5.769597799,90,4.098666439,241,0,0,,,,,
50.51833035,14.97125988,5.666109663,90,4.02133449,241,0,0,,,,,
50.51833089,14.97124581,5.562621527,90,3.94400254,241,0,0,,,,,
50.51833155,14.97123175,5.320069492,90,3.997090894,241,0.95870525,0,,,,,
50.51833224,14.97121769,5.042850551,90,4.082691414,241,0,0,,,,,
50.51833294,14.97120363,4.76563161,90,4.168291934,241,0,0,,,,,
50.51833363,14.97118957,4.488412669,90,4.253892453,241,0,0,,,,,
50.51833427,14.97117551,4.213649797,90,4.293238144,241,0.671815458,0,,,,,
50.51833486,14.97116144,3.941754356,90,4.278581906,241,0,0,,,,,
50.51833544,14.97114737,3.669858915,90,4.263925668,241,0,0,,,,,
50.51833602,14.9711333,3.342576138,90,4.236791346,241,0.842679671,0,,,,,
50.51833648,14.97111922,1.959534905,90,3.971807655,241,0,0,,,,,
50.51833693,14.97110513,0.576493673,90,3.706823964,241,0,0,,,,,
50.51833642,14.97111493,1.108608842,90,2.629823653,241,178.5212654,0,,,,,
50.51833573,14.97112899,1.982799091,90,1.407785238,241,0,0,,,,,
50.51833505,14.97114305,2.85698934,90,0.185746824,241,0,0,,,,,
50.51833467,14.97115713,2.890938823,90,1.601289009,241,2.129701313,0,,,,,
50.51833432,14.97117122,2.863732505,90,3.208803977,241,0,0,,,,,
50.51833394,14.97118531,2.875832522,90,4.651788005,241,1.832423916,0,,,,,
50.5183333,14.97119937,3.270841783,90,4.491966367,241,0,0,,,,,
50.51833266,14.97121344,3.665851043,90,4.332144729,241,0,0,,,,,
50.51833202,14.9712275,4.060860304,90,4.172323091,241,0,0,,,,,
50.51833138,14.97124157,4.455869565,90,4.012501453,241,0,0,,,,,
50.51833075,14.97125563,4.698677345,90,3.954233899,241,0.060664809,0,,,,,
50.51833012,14.9712697,4.713528974,90,4.048066561,241,0,0,,,,,
50.51832949,14.97128376,4.728380603,90,4.141899223,241,0,0,,,,,
50.51832886,14.97129783,4.743232231,90,4.235731885,241,0,0,,,,,
50.51832823,14.97131189,4.75808386,90,4.329564547,241,0,0,,,,,
50.51832764,14.97132596,4.787626124,90,4.347754422,241.0521039,0.364916802,0.052103915,,,,,
50.51832706,14.97134003,4.825544051,90,4.322817611,241.1339142,0,0.081810238,,,,,
50.51832649,14.9713541,4.863461978,90,4.297880801,241.2157244,0,0.081810238,,,,,
50.51832592,14.97136818,4.901379904,90,4.27294399,241.2975346,0,0.081810238,,,,,
50.51832534,14.97138225,4.939297831,90,4.24800718,241.3793449,0,0.081810238,,,,,
50.51832477,14.97139632,4.977215757,90,4.223070369,241.4611551,0,0.081810238,,,,,
50.5183242,14.97141039,5.015133684,90,4.198133559,241.5429653,0,0.081810238,,,,,
50.51832363,14.97142446,5.053051611,90,4.173196748,241.6247756,0,0.081810238,,,,,
50.51832305,14.97143853,5.090969537,90,4.148259938,241.7065858,0,0.081810238,,,,,
50.51832248,14.9714526,5.128887464,90,4.123323127,241.7883961,0,0.081810238,,,,,
50.51832191,14.97146668,5.166805391,90,4.098386317,241.8702063,0,0.081810238,,,,,
50.51832134,14.97148075,5.204723317,90,4.073449506,241.9520165,0,0.081810238,,,,,
50.51831729,14.97148873,5.242641244,90,4.058823529,242,88.99712213,0.047983467,,,,,
50.51830831,14.97148808,5.280559171,90,4.058823529,242,0,0,,,,,
50.51829933,14.97148743,5.318477097,90,4.058823529,242,0,0,,,,,
50.51829035,14.97148678,5.356395024,90,4.058823529,242,0,0,,,,,
50.51828137,14.97148612,5.394312951,90,4.058823529,242,0,0,,,,,
50.51827239,14.97148547,5.432230877,90,4.058823529,242,0,0,,,,,
50.51826341,14.97148482,5.470148804,90,4.058823529,242,0,0,,,,,
50.51825443,14.97148417,5.508066731,90,4.058823529,242,0,0,,,,,
50.51824545,14.97148352,5.545984657,90,4.058823529,242,0,0,,,,,
50.51823647,14.97148286,5.583902584,90,4.058823529,242,0,0,,,,,
50.51822749,14.97148221,5.62182051,90,4.058823529,242,0,0,,,,,
50.51821851,14.97148156,5.659738437,90,4.058823529,242,0,0,,,,,
50.51820953,14.97148091,5.697656364,90,4.058823529,242,0,0,,,,,
50.51820055,14.97148026,5.73557429,90,4.058823529,242,0,0,,,,,
50.51819157,14.97147958,5.773492217,90,5.07902916,240.7462533,0.15826943,-1.253746678,,,,,
50.51818388,14.97148121,5.811410144,90,6.5,239,87.96169343,-1.746253322,,,,,
50.51818312,14.97149526,5.84932807,90,6.5,239,0,0,,,,,
50.51818236,14.97150931,5.887245997,90,6.5,239,0,0,,,,,
50.5181817,14.97152337,5.925163924,90,6.516000491,239,1.227263658,0,,,,,
50.51818114,14.97153744,5.96308185,90,6.546553497,239,0,0,,,,,
50.51818057,14.97155151,6.000999777,90,6.577106504,239,0,0,,,,,
50.51818,14.97156558,6.038917704,90,6.60765951,239,0,0,,,,,
50.51817943,14.97157966,6.07683563,90,6.638212517,239,0,0,,,,,
50.51817887,14.97159373,6.114753557,90,6.668765524,239,0,0,,,,,
50.5181783,14.9716078,6.152671483,90,6.69931853,239,0,0,,,,,
50.51817773,14.97162187,6.19058941,90,6.729871537,239,0,0,,,,,
50.51817716,14.97163594,6.228507337,90,6.760424543,239,0,0,,,,,
50.51817662,14.97165002,6.266425263,90,6.804259758,239,0.218795278,0,,,,,
50.51817609,14.97166409,6.30434319,90,6.853473521,239,0,0,,,,,
50.51817555,14.97167817,6.342261117,90,6.902687284,239,0,0,,,,,
50.51817502,14.97169224,6.380179043,90,6.951901047,239,0,0,,,,,
50.51817449,14.97170632,6.41809697,90,7.001114811,239,0,0,,,,,
50.51817395,14.97172039,6.456014897,90,7.050328574,239,0,0,,,,,
50.51817342,14.97173447,6.493932823,90,7.099542337,239,0,0,,,,,
50.51817289,14.97174854,6.53185075,90,7.1487561,239,0,0,,,,,
50.51817236,14.97176262,6.569768677,90,7.197969863,239,0,0,,,,,
50.51817179,14.97177669,6.607686603,90,7.21518819,239,0.617238056,0,,,,,
50.51817116,14.97179076,6.64560453,90,7.168473,239,0,0,,,,,
50.51817053,14.97180482,6.683522457,90,7.121757809,239,0,0,,,,,
50.5181699,14.97181889,6.721440383,90,7.075042618,239,0,0,,,,,
50.51816927,14.97183295,6.75935831,90,7.028327427,239,0,0,,,,,
50.51816864,14.97184702,6.797276236,90,6.981612236,239,0,0,,,,,
50.51816801,14.97186108,6.835194163,90,6.934897046,239,0,0,,,,,
50.51816738,14.97187515,6.87311209,90,6.888181855,239,0,0,,,,,
50.51816675,14.97188921,6.911030016,90,6.841466664,239,0,0,,,,,
50.51816612,14.97190328,6.948947943,90,6.794751473,239,0,0,,,,,
50.51816559,14.97191735,6.98686587,90,6.770652227,239.0811034,0.811112065,0.081103396,,,,,
50.51816509,14.97193143,7.024783796,90,6.751977485,239.1816597,0,0.1005563,,,,,
50.51816459,14.97194551,7.062701723,90,6.733302744,239.282216,0,0.1005563,,,,,
50.51816409,14.97195959,7.10061965,90,6.714628002,239.3827723,0,0.1005563,,,,,
50.51816358,14.97197367,7.138537576,90,6.695953261,239.4833286,0,0.1005563,,,,,
50.51816308,14.97198774,7.176455503,90,6.67727852,239.5838849,0,0.1005563,,,,,
50.51816258,14.97200182,7.21437343,90,6.658603778,239.6844412,0,0.1005563,,,,,
50.51816208,14.9720159,7.252291356,90,6.639929037,239.7849975,0,0.1005563,,,,,
50.51816157,14.97202998,7.290209283,90,6.621254296,239.8855538,0,0.1005563,,,,,
50.51816107,14.97204406,7.32812721,90,6.602579554,239.9861101,0,0.1005563,,,,,
50.51816049,14.97205813,7.366045136,90,6.652455307,240,0.585462569,0.013889908,,,,,
50.51815989,14.97207219,7.403963063,90,6.713317556,240,0,0,,,,,
50.5181593,14.97208626,7.441880989,90,6.774179806,240,0,0,,,,,
50.5181587,14.97210033,7.479798916,90,6.835042055,240,0,0,,,,,
50.51815811,14.9721144,7.517716843,90,6.895904305,240,0,0,,,,,
50.51815752,14.97212847,7.555634769,90,6.956766554,240,0,0,,,,,
50.51815692,14.97214254,7.593552696,90,7.017628804,240,0,0,,,,,
50.51815633,14.97215661,7.631470623,90,7.078491053,240,0,0,,,,,
50.51815573,14.97217068,7.669388549,90,7.139353303,240,0,0,,,,,
50.51815514,14.97218475,7.707306476,90,7.200215552,240,0,0,,,,,
50.51815454,14.97219882,7.745224403,90,7.208806357,240,0.026811611,0,,,,,
50.51815394,14.97221288,7.783142329,90,7.201679382,240,0,0,,,,,
50.51815334,14.97222695,7.821060256,90,7.194552408,240,0,0,,,,,
50.51815274,14.97224102,7.858978183,90,7.187425433,240,0,0,,,,,
50.51815215,14.97225509,7.896896109,90,7.180298459,240,0,0,,,,,
50.51815155,14.97226916,7.934814036,90,7.173171484,240,0,0,,,,,
50.51815095,14.97228323,7.972731962,90,7.16604451,240,0,0,,,,,
50.51815035,14.9722973,8.010649889,90,7.158917535,240,0,0,,,,,
50.51814975,14.97231137,8.048567816,90,7.15179056,240,0,0,,,,,
50.51814915,14.97232543,8.086485742,90,7.144663586,240,0,0,,,,,
50.51814861,14.97233951,8.124403669,90,7.114850441,240,0.469033322,0,,,,,
50.51814808,14.97235358,8.162321596,90,7.077334819,240,0,0,,,,,
50.51814756,14.97236766,8.200239522,90,7.039819196,240,0,0,,,,,
50.51814703,14.97238174,8.238157449,90,7.002303574,240,0,0,,,,,
50.51814651,14.97239581,8.276075376,90,6.964787952,240,0,0,,,,,
50.51814598,14.97240989,8.313993302,90,6.92727233,240,0,0,,,,,
50.51814546,14.97242396,8.351911229,90,6.889756708,240,0,0,,,,,
50.51814493,14.97243804,8.389829156,90,6.852241086,240,0,0,,,,,
50.51814441,14.97245212,8.427747082,90,6.814725464,240,0,0,,,,,
50.51814386,14.97246619,8.465665009,90,6.785714286,239.9762054,0.667868816,-0.023794579,,,,,
50.51814323,14.97248025,8.503582936,90,6.785714286,239.8712405,0,-0.104964935,,,,,
50.5181426,14.97249432,8.541500862,90,6.785714286,239.7662756,0,-0.104964935,,,,,
50.51814197,14.97250838,8.579418789,90,6.785714286,239.6613106,0,-0.104964935,,,,,
50.51814134,14.97252245,8.617336715,90,6.785714286,239.5563457,0,-0.104964935,,,,,
50.51814071,14.97253651,8.655254642,90,6.785714286,239.4513807,0,-0.104964935,,,,,
50.51814008,14.97255058,8.693172569,90,6.785714286,239.3464158,0,-0.104964935,,,,,
50.51813945,14.97256465,8.731090495,90,6.785714286,239.2414509,0,-0.104964935,,,,,
50.51813882,14.97257871,8.769008422,90,6.785714286,239.1364859,0,-0.104964935,,,,,
50.51813819,14.97259278,8.806926349,90,6.785714286,239.031521,0,-0.104964935,,,,,
50.51813762,14.97260685,8.844844275,90,6.802072334,239,0.538358797,-0.031521007,,,,,
50.51813707,14.97262092,8.882762202,90,6.825451005,239,0,0,,,,,
50.51813653,14.972635,8.920680129,90,6.848829676,239,0,0,,,,,
50.51813598,14.97264907,8.958598055,90,6.872208348,239,0,0,,,,,
50.51813544,14.97266314,8.996515982,90,6.895587019,239,0,0,,,,,
50.51813489,14.97267722,9.034433909,90,6.918965691,239,0,0,,,,,
50.51813435,14.97269129,9.072351835,90,6.942344362,239,0,0,,,,,
50.5181338,14.97270537,9.110269762,90,6.965723033,239,0,0,,,,,
50.51813325,14.97271944,9.148187688,90,6.989101705,239,0,0,,,,,
50.5181327,14.97273351,9.017924869,90,6.966190025,239,0.075596502,0,,,,,
50.51813215,14.97274759,8.740800812,90,6.902856011,239,0,0,,,,,
50.51813159,14.97276166,8.463676755,90,6.839521997,239,0,0,,,,,
50.51813103,14.97277573,8.186552698,90,6.776187983,239,0,0,,,,,
50.51813047,14.9727898,7.909428641,90,6.71285397,239,0,0,,,,,
50.51812992,14.97280388,7.632304584,90,6.649519956,239,0,0,,,,,
50.51812936,14.97281795,7.355180527,90,6.586185942,239,0,0,,,,,
50.51812877,14.97283202,7.115015147,90,6.608452856,239,0.617948098,0,,,,,
50.51812811,14.97284608,6.941451724,90,6.784978251,239,0,0,,,,,
50.51812746,14.97286014,6.767888301,90,6.961503645,239,0,0,,,,,
50.5181268,14.97287421,6.594324878,90,7.13802904,239,0,0,,,,,
50.51812615,14.97288827,6.420761454,90,7.314554435,239,0,0,,,,,
50.5181255,14.97290233,6.247198031,90,7.491079829,239,0,0,,,,,
50.51812489,14.9729164,6.016155109,90,7.542422893,239,1.228585015,0,,,,,
50.51812443,14.97293048,5.604437996,90,7.200282774,239,0,0,,,,,
50.51812397,14.97294456,5.192720884,90,6.858142654,239,0,0,,,,,
50.5181235,14.97295864,4.781003771,90,6.516002535,239,0,0,,,,,
50.51812304,14.97297272,4.369286658,90,6.173862416,239,0,0,,,,,
50.51812233,14.97298678,3.300072168,90,8.064468261,239,1.775279303,0,,,,,
50.51811966,14.97299995,2.165336616,90,7,239,24.2487257,0,,,,,
50.51811531,14.97301229,1.030601063,90,7,239,0,0,,,,,
50.51811137,14.97302495,0.559303964,90,6.736780171,239,4.203354876,0,,,,,
50.51810747,14.97303765,0.481068546,90,6.820798374,238.8943252,2.56902244,-0.105674758,,,,,
50.51810334,14.97305018,0.584710442,90,7.684987273,238.6096513,0,-0.28467399,,,,,
50.51809921,14.9730627,0.688352338,90,8.549176172,238.3249773,0,-0.28467399,,,,,
50.51809508,14.97307523,0.791994234,90,9.413365071,238.0403033,0,-0.28467399,,,,,
50.51809096,14.97308775,0.895636129,50,10.27755397,237.7556293,0,-0.28467399,,,,,
50.51808683,14.97310028,0.999278025,50,11.14174287,237.4709553,0,-0.28467399,,,,,
50.5180827,14.9731128,1.102919921,50,12.00593177,237.1862813,0,-0.28467399,,,,,
50.51808309,14.97312143,1.206561817,50,12.57142857,237,112.2603587,-0.1862813,,,,,
50.51809205,14.97312268,1.310203713,50,12.57142857,237,0,0,,,,,
50.518101,14.97312392,1.413845609,50,12.57142857,237,0,0,,,,,
50.51810996,14.97312517,1.517487505,50,12.57142857,237,0,0,,,,,
50.51811891,14.97312642,1.621129401,50,12.57142857,237,0,0,,,,,
50.51812787,14.97312767,1.724771297,50,12.57142857,237,0,0,,,,,
50.51813682,14.97312891,1.828413193,50,12.57142857,237,0,0,,,,,
50.51814578,14.97313016,1.932055089,50,12.57142857,237,0,0,,,,,
50.51815473,14.97313141,2.035696985,50,12.57142857,237,0,0,,,,,
50.51816367,14.97313282,2.139338881,50,11.72700411,237,1.346309239,0,,,,,
50.51817261,14.9731344,2.242980776,50,10.11300719,237,0,0,,,,,
50.51818155,14.9731358,2.346622672,50,9.58218023,236.9269509,1.14717158,-0.073049094,,,,,
50.5181905,14.9731371,2.450264568,50,9.714687723,236.8091665,0,-0.117784438,,,,,
50.51819945,14.97313839,2.553906464,50,9.847195215,236.691382,0,-0.117784438,,,,,
50.51820841,14.97313969,2.65754836,50,9.979702708,236.5735976,0,-0.117784438,,,,,
50.51821736,14.97314099,2.761190256,50,10.1122102,236.4558132,0,-0.117784438,,,,,
50.51822631,14.97314228,2.864832152,50,10.24471769,236.3380287,0,-0.117784438,,,,,
50.51823526,14.97314358,2.968474048,50,10.37722519,236.2202443,0,-0.117784438,,,,,
50.51824421,14.97314487,3.072115944,50,10.50973268,236.1024598,0,-0.117784438,,,,,
50.51825317,14.97314616,3.17575784,50,10.6355211,236,0.413324253,-0.102459842,,,,,
50.51826212,14.97314735,3.279399736,50,10.71638601,236,0,0,,,,,
50.51827108,14.97314854,3.383041632,50,10.79725091,236,0,0,,,,,
50.51828004,14.97314974,3.486683528,50,10.87811581,236,0,0,,,,,
50.51828899,14.97315093,3.590325423,50,10.95898072,236,0,0,,,,,
50.51829795,14.97315213,3.693967319,50,11.03984562,236,0,0,,,,,
50.51830691,14.97315332,3.797609215,50,11.12071053,236,0,0,,,,,
50.51831586,14.97315456,3.901251111,50,11.15943063,236,0.46149886,0,,,,,
50.51832481,14.97315587,4.004893007,50,11.14266861,236,0,0,,,,,
50.51833377,14.97315718,4.108534903,50,11.12590659,236,0,0,,,,,
50.51834272,14.97315849,4.212176799,50,11.10914457,236,0,0,,,,,
50.51835167,14.97315979,4.315818695,50,11.09238254,236,0,0,,,,,
50.51836062,14.9731611,4.419460591,50,11.07562052,236,0,0,,,,,
50.51836957,14.97316241,4.523102487,50,11.0588585,236,0,0,,,,,
50.51837852,14.97316372,4.626744383,50,11.04209648,236,0,0,,,,,
50.51838747,14.97316502,4.730386279,50,11.02533446,236,0,0,,,,,
50.51839642,14.97316633,4.834028174,50,11.00857244,236,0,0,,,,,
50.51840537,14.97316765,4.93767007,50,11.04416977,236,0.060096745,0,,,,,
50.51841432,14.97316897,5.041311966,50,11.13457421,236,0,0,,,,,
50.51842327,14.97317029,5.144953862,50,11.22497866,236,0,0,,,,,
50.51843222,14.97317161,5.248595758,50,11.3153831,236,0,0,,,,,
50.51844117,14.97317293,5.352237654,50,11.40578755,236,0,0,,,,,
50.51845012,14.97317426,5.45587955,50,11.49619199,236,0,0,,,,,
50.51845907,14.97317558,5.559521446,50,11.58659643,236,0,0,,,,,
50.51846802,14.9731769,5.663163342,50,11.67700088,236,0,0,,,,,
50.51847697,14.97317822,5.766805238,50,11.76740532,236,0,0,,,,,
50.51848592,14.97317955,5.870447134,50,11.85780977,236,0,0,,,,,
50.51849488,14.97318074,5.97408903,50,11.16198703,236,0.823976596,0,,,,,
50.51850386,14.97318135,6.077730926,50,10.9,236,2.693473929,0,,,,,
50.51851284,14.97318181,6.181372821,50,10.9,236,0,0,,,,,
50.51852183,14.97318227,6.285014717,50,10.9,236,0,0,,,,,
50.51853081,14.97318273,6.388656613,50,10.9,236,0,0,,,,,
50.5185398,14.97318318,6.492298509,50,10.9,236,0,0,,,,,
50.51854878,14.97318364,6.595940405,50,10.9,236,0,0,,,,,
50.51855777,14.9731841,6.699582301,50,10.9,236,0,0,,,,,
50.51856675,14.97318456,6.803224197,50,10.9,236,0,0,,,,,
50.51857574,14.97318502,6.906866093,50,10.9,236,0,0,,,,,
50.51858472,14.97318548,7.010507989,50,10.9,236,0,0,,,,,
50.51859371,14.97318593,7.114149885,50,10.9,236,0,0,,,,,
50.51860269,14.97318653,7.217791781,50,10.89561795,236,0.63306396,0,,,,,
50.51861167,14.97318714,7.321433677,50,10.89050051,236,0,0,,,,,
50.51862065,14.97318775,7.425075573,50,10.88538306,236,0,0,,,,,
50.51862963,14.97318837,7.528717468,50,10.88026561,236,0,0,,,,,
50.51863861,14.97318898,7.632359364,50,10.87514817,236,0,0,,,,,
50.5186476,14.9731896,7.73600126,50,10.87003072,236,0,0,,,,,
50.51865658,14.97319021,7.839643156,50,10.86491327,236,0,0,,,,,
50.51866556,14.97319082,7.943285052,50,10.85979583,236,0,0,,,,,
50.51867454,14.97319144,8.046926948,50,10.85467838,236,0,0,,,,,
50.51868352,14.97319205,8.150568844,50,10.84956093,236,0,0,,,,,
50.5186925,14.97319267,8.25421074,50,10.84444348,236,0,0,,,,,
50.51870148,14.97319328,8.357852636,50,10.83932604,236,0,0,,,,,
50.51871046,14.97319389,8.461494532,50,10.83420859,236,0,0,,,,,
50.51871945,14.9731944,8.565136428,50,10.87427752,236,0.557287467,0,,,,,
50.51872843,14.97319487,8.668778324,50,10.92366939,236,0,0,,,,,
50.51873742,14.97319535,8.77242022,50,10.97306127,236,0,0,,,,,
50.5187464,14.97319583,8.876062115,50,11.02245314,236,0,0,,,,,
50.51875539,14.9731963,8.979704011,50,11.07184502,236,0,0,,,,,
50.51876437,14.97319678,9.083345907,50,11.12123689,236,0,0,,,,,
50.51877335,14.97319726,9.186987803,50,11.17062877,236,0,0,,,,,
50.51878234,14.97319773,9.290629699,50,11.22002064,236,0,0,,,,,
50.51879132,14.97319821,9.394271595,50,11.26941252,236,0,0,,,,,
50.51880031,14.97319869,9.497913491,50,11.31880439,236,0,0,,,,,
50.51880929,14.97319917,9.601555387,50,11.36819627,236,0,0,,,,,
50.51881828,14.97319964,9.705197283,50,11.41758814,236,0,0,,,,,
50.51882726,14.97320015,9.808839179,50,11.45770782,236,0.518321846,0,,,,,
50.51883624,14.97320076,9.912481075,50,11.4702692,236,0,0,,,,,
50.51884522,14.97320136,10.01612297,50,11.48283057,236,0,0,,,,,
50.51885421,14.97320197,10.11976487,50,11.49539195,236,0,0,,,,,
50.51886319,14.97320257,10.22340676,50,11.50795332,236,0,0,,,,,
50.51887217,14.97320317,10.32704866,50,11.5205147,236,0,0,,,,,
50.51888115,14.97320378,10.43069055,50,11.53307607,236,0,0,,,,,
50.51889013,14.97320438,10.53433245,50,11.54563745,236,0,0,,,,,
50.51889911,14.97320499,10.63797435,50,11.55819882,236,0,0,,,,,
50.51890809,14.97320559,10.74161624,50,11.5707602,236,0,0,,,,,
50.51891707,14.9732062,10.84525814,50,11.58332157,236,0,0,,,,,
50.51892606,14.9732068,10.94890003,50,11.59588295,236,0,0,,,,,
50.51893504,14.97320732,11.05254193,50,11.53618742,236.0539261,0.501032893,0.053926122,,,,,
50.51894402,14.9732078,11.15618383,50,11.44126285,236.1341441,0,0.080217946,,,,,
50.51895301,14.97320829,11.25982572,50,11.34633828,236.214362,0,0.080217946,,,,,
50.51896199,14.97320877,11.36346762,50,11.25141371,236.29458,0,0.080217946,,,,,
50.51897098,14.97320925,11.46710951,50,11.15648914,236.3747979,0,0.080217946,,,,,
50.51897996,14.97320973,11.57075141,50,11.06156457,236.4550159,0,0.080217946,,,,,
50.51898895,14.97321021,11.67439331,50,10.96664,236.5352338,0,0.080217946,,,,,
50.51899793,14.97321069,11.7780352,50,10.87171543,236.6154517,0,0.080217946,,,,,
50.51900692,14.97321117,11.8816771,50,10.77679087,236.6956697,0,0.080217946,,,,,
50.5190159,14.97321166,11.98531899,50,10.6818663,236.7758876,0,0.080217946,,,,,
50.51902488,14.97321214,12.08896089,50,10.58694173,236.8561056,0,0.080217946,,,,,
50.51903387,14.97321262,12.19260278,50,10.49201716,236.9363235,0,0.080217946,,,,,
50.51904285,14.97321312,12.29624468,50,10.43172467,237,0.418354849,0.06367647,,,,,
50.51905183,14.9732137,12.39988658,50,10.50474848,237,0,0,,,,,
50.51906082,14.97321429,12.50352847,50,10.5777723,237,0,0,,,,,
50.5190698,14.97321487,12.60717037,50,10.65079612,237,0,0,,,,,
50.51907878,14.97321546,12.71081226,50,10.72381994,237,0,0,,,,,
50.51908776,14.97321604,12.81445416,50,10.79684376,237,0,0,,,,,
50.51909674,14.97321663,12.91809606,50,10.86986758,237,0,0,,,,,
50.51910573,14.97321721,13.02173795,50,10.9428914,237,0,0,,,,,
50.51911471,14.97321779,13.12537985,50,11.01591522,237,0,0,,,,,
50.51912369,14.97321838,13.22902174,50,11.08893903,237,0,0,,,,,
50.51913267,14.97321896,13.33266364,50,11.16196285,237,0,0,,,,,
50.51914165,14.97321955,13.43630554,50,11.23498667,237,0,0,,,,,
50.51915064,14.97322013,13.53994743,50,11.30801049,237,0,0,,,,,
50.51915962,14.97322071,13.64358933,50,11.38103431,237,0,0,,,,,
50.5191686,14.97322127,13.69823452,50,11.42966049,237,0.208573122,0,,,,,
50.51917758,14.97322181,13.7061881,50,11.45503683,237,0,0,,,,,
50.51918657,14.97322234,13.71414167,50,11.48041318,237,0,0,,,,,
50.51919555,14.97322287,13.72209525,50,11.50578952,237,0,0,,,,,
50.51920453,14.9732234,13.73004883,50,11.53116587,237,0,0,,,,,
50.51921352,14.97322394,13.7380024,50,11.55654221,237,0,0,,,,,
50.5192225,14.97322447,13.74595598,50,11.58191856,237,0,0,,,,,
50.51923148,14.973225,13.75390955,50,11.6072949,237,0,0,,,,,
50.51924047,14.97322554,13.76186313,50,11.63267124,237,0,0,,,,,
50.51924945,14.97322607,13.76981671,50,11.65804759,237,0,0,,,,,
50.51925843,14.9732266,13.77777028,50,11.68342393,237,0,0,,,,,
50.51926742,14.97322713,13.78572386,50,11.70880028,237,0,0,,,,,
50.5192764,14.97322767,13.79367743,50,11.73417662,237,0,0,,,,,
50.51928538,14.973228,13.80163101,50,11.75,237,2.165940555,0,,,,,
50.51929437,14.9732282,13.80958458,50,11.71922084,237.0340535,2.212771186,0.034053534,,,,,
50.51930335,14.97322875,13.81753816,50,11.63720872,237.1247904,0,0.090736818,,,,,
50.51931234,14.97322929,13.82549174,50,11.5551966,237.2155272,0,0.090736818,,,,,
50.51932132,14.97322984,13.83344531,50,11.47318447,237.306264,0,0.090736818,,,,,
50.5193303,14.97323038,13.84139889,50,11.39117235,237.3970008,0,0.090736818,,,,,
50.51933929,14.97323093,13.84935246,50,11.30916022,237.4877376,0,0.090736818,,,,,
50.51934827,14.97323147,13.85730604,50,11.2271481,237.5784744,0,0.090736818,,,,,
50.51935725,14.97323202,13.86525962,50,11.14513598,237.6692113,0,0.090736818,,,,,
50.51936623,14.97323256,13.87321319,50,11.06312385,237.7599481,0,0.090736818,,,,,
50.51937522,14.9732331,13.88116677,50,10.98111173,237.8506849,0,0.090736818,,,,,
50.5193842,14.97323365,13.88912034,50,10.89909961,237.9414217,0,0.090736818,,,,,
50.51939318,14.97323423,13.89707392,50,10.84615385,238,0.394632063,0.058578287,,,,,
50.51940216,14.97323487,13.90502749,50,10.84615385,238,0,0,,,,,
50.51941114,14.97323551,13.91298107,50,10.84615385,238,0,0,,,,,
50.51942012,14.97323615,13.92093465,50,10.84485727,238,6.97E-06,0,,,,,
50.5194291,14.97323679,13.92888822,50,10.83937476,238,0,0,,,,,
50.51943808,14.97323743,13.9368418,50,10.83389226,238,0,0,,,,,
50.51944706,14.97323808,13.94479537,50,10.82840976,238,0,0,,,,,
50.51945605,14.97323872,13.95274895,50,10.82292725,238,0,0,,,,,
50.51946503,14.97323936,13.96070253,50,10.81744475,238,0,0,,,,,
50.51947401,14.97324,13.9686561,50,10.81196225,238,0,0,,,,,
50.51948299,14.97324064,13.97660968,50,10.80647974,238,0,0,,,,,
50.51949197,14.97324128,13.98456325,50,10.80099724,238,0,0,,,,,
50.51950095,14.97324192,13.99251683,50,10.79551473,238,0,0,,,,,
50.51950993,14.97324257,14.0004704,50,10.79003223,238,0,0,,,,,
50.51951891,14.97324321,14.00842398,50,10.78454973,238,0,0,,,,,
50.51952789,14.97324385,14.01637756,50,10.77906722,238,0,0,,,,,
50.51953687,14.97324449,14.02433113,50,10.77358472,238,0,0,,,,,
50.51954585,14.97324513,14.03838006,50,10.76520272,238,0.089795587,0,,,,,
50.51955483,14.97324575,14.07594481,50,10.74563448,238,0,0,,,,,
50.51956381,14.97324637,14.11350957,50,10.72606624,238,0,0,,,,,
50.51957279,14.97324699,14.15107432,50,10.706498,238,0,0,,,,,
50.51958177,14.97324761,14.18863908,50,10.68692976,238,0,0,,,,,
50.51959075,14.97324822,14.22620383,50,10.66736152,238,0,0,,,,,
50.51959973,14.97324884,14.26376859,50,10.64779329,238,0,0,,,,,
50.51960871,14.97324971,14.30133334,50,10.64285714,238,1.321764808,0,,,,,
50.51961768,14.97325065,14.33889809,50,10.64285714,238,0,0,,,,,
50.51962665,14.97325159,14.37646285,50,10.64285714,238,0,0,,,,,
50.51963562,14.97325254,14.4140276,50,10.64285714,238,0,0,,,,,
50.51964458,14.97325348,14.45159236,50,10.64285714,238,0,0,,,,,
50.51965355,14.97325443,14.48915711,50,10.64285714,238,0,0,,,,,
50.51966252,14.97325537,14.52672187,50,10.64285714,238,0,0,,,,,
50.51967149,14.97325632,14.56428662,50,10.64285714,238,0,0,,,,,
50.51968046,14.97325725,14.60185137,50,10.64673779,238,0.084457715,0,,,,,
50.51968943,14.97325818,14.63941613,50,10.66087174,238,0,0,,,,,
50.5196984,14.9732591,14.67698088,50,10.6750057,238,0,0,,,,,
50.51970737,14.97326002,14.71454564,50,10.68913965,238,0,0,,,,,
50.51971634,14.97326095,14.75211039,50,10.70327361,238,0,0,,,,,
50.51972531,14.97326187,14.78967514,50,10.71740756,238,0,0,,,,,
50.51973429,14.97326279,14.8272399,50,10.73154151,238,0,0,,,,,
50.51974326,14.97326372,14.86480465,50,10.74567547,238,0,0,,,,,
50.51975223,14.97326464,14.90236941,50,10.75980942,238,0,0,,,,,
50.5197612,14.97326556,14.93993416,50,10.77394338,238,0,0,,,,,
50.51977017,14.97326649,14.97749892,50,10.78807733,238,0,0,,,,,
50.51977914,14.97326741,15.01506367,50,10.80221129,238,0,0,,,,,
50.51978811,14.97326833,15.05262842,50,10.81634524,238,0,0,,,,,
50.51979708,14.97326926,15.09019318,50,10.83047919,238,0,0,,,,,
50.51980605,14.97327018,15.12775793,50,10.84461315,238,0,0,,,,,
50.51981502,14.9732711,15.16018757,50,10.8622827,238.0150879,0.241762455,0.015087918,,,,,
50.51982399,14.97327196,15.15251017,50,10.90756644,238.1480176,0,0.132929685,,,,,
50.51983296,14.97327283,15.14483278,50,10.95285017,238.2809473,0,0.132929685,,,,,
50.51984194,14.97327369,15.13715539,50,10.99813391,238.413877,0,0.132929685,,,,,
50.51985091,14.97327455,15.12947799,50,11.04341765,238.5468067,0,0.132929685,,,,,
50.51985988,14.97327542,15.1218006,50,11.08870139,238.6797363,0,0.132929685,,,,,
50.51986885,14.97327628,15.1141232,50,11.13398513,238.812666,0,0.132929685,,,,,
50.51987783,14.97327715,15.10644581,50,11.17926887,238.9455957,0,0.132929685,,,,,
50.5198868,14.97327801,15.09876842,50,11.22455261,239.0785254,0,0.132929685,,,,,
50.51989577,14.97327887,15.09109102,50,11.26983635,239.2114551,0,0.132929685,,,,,
50.51990475,14.97327974,15.08341363,50,11.31512008,239.3443848,0,0.132929685,,,,,
50.51991372,14.9732806,15.07573624,50,11.36040382,239.4773144,0,0.132929685,,,,,
50.51992269,14.97328147,15.06805884,50,11.40568756,239.6102441,0,0.132929685,,,,,
50.51993166,14.97328233,15.06038145,50,11.4509713,239.7431738,0,0.132929685,,,,,
50.51994064,14.97328319,15.05270405,50,11.49625504,239.8761035,0,0.132929685,,,,,
50.51994961,14.97328407,15.04500631,50,11.52813811,240,0.538799962,0.123896498,,,,,
50.51995858,14.97328506,15.03702938,50,11.37622166,240,0,0,,,,,
50.51996754,14.97328606,15.02905246,50,11.2243052,240,0,0,,,,,
50.51997651,14.97328706,15.02107554,50,11.07238875,240,0,0,,,,,
50.51998548,14.97328805,15.01309862,50,10.92857143,240,0.34238687,0,,,,,
50.51999445,14.97328896,15.0051217,50,10.92857143,240,0,0,,,,,
50.52000342,14.97328987,14.99714478,50,10.92857143,240,0,0,,,,,
50.52001239,14.97329079,14.98916786,50,10.92857143,240,0,0,,,,,
50.52002136,14.9732917,14.98119093,50,10.92857143,240,0,0,,,,,
50.52003033,14.97329261,14.97321401,50,10.92857143,240,0,0,,,,,
50.5200393,14.97329352,14.96523709,50,10.92857143,240,0,0,,,,,
50.52004828,14.9732942,14.95726017,50,10.92857143,240,1.970647484,0,,,,,
50.52005727,14.97329463,14.94928325,50,10.92857143,240,0,0,,,,,
50.52006625,14.97329506,14.94130633,50,10.92857143,240,0,0,,,,,
50.52007524,14.97329549,14.93332941,50,10.92857143,240,0,0,,,,,
50.52008422,14.97329592,14.92535248,50,10.92857143,240,0,0,,,,,
50.52009321,14.97329643,14.91737556,50,10.95328184,240.0541843,0.457200488,0.054184286,,,,,
50.52010219,14.97329697,14.90939864,50,10.98408382,240.121726,0,0.067541686,,,,,
50.52011117,14.97329751,14.90142172,50,11.0148858,240.1892677,0,0.067541686,,,,,
50.52012016,14.97329805,14.8934448,50,11.04568778,240.2568093,0,0.067541686,,,,,
50.52012914,14.97329859,14.88546788,50,11.07648976,240.324351,0,0.067541686,,,,,
50.52013812,14.97329914,14.87749095,50,11.10729173,240.3918927,0,0.067541686,,,,,
50.5201471,14.97329968,14.86951403,50,11.13809371,240.4594344,0,0.067541686,,,,,
50.52015609,14.97330022,14.86153711,50,11.16889569,240.5269761,0,0.067541686,,,,,
50.52016507,14.97330076,14.85356019,50,11.19969767,240.5945178,0,0.067541686,,,,,
50.52017405,14.9733013,14.84558327,50,11.23049964,240.6620595,0,0.067541686,,,,,
50.52018304,14.97330184,14.83760635,50,11.26130162,240.7296011,0,0.067541686,,,,,
50.52019202,14.97330238,14.82962943,50,11.2921036,240.7971428,0,0.067541686,,,,,
50.520201,14.97330292,14.8216525,50,11.32290558,240.8646845,0,0.067541686,,,,,
50.52020999,14.97330346,14.81367558,50,11.35370756,240.9322262,0,0.067541686,,,,,
50.52021897,14.973304,14.80569866,50,11.38450953,240.9997679,0,0.067541686,,,,,
50.52022795,14.97330452,14.79852516,50,11.15384615,241,0.964533447,0.000232108,,,,,
50.52023693,14.97330529,14.79135443,50,11.15384615,241,0,0,,,,,
50.5202459,14.97330607,14.7841837,50,11.15384615,241,0,0,,,,,
50.52025488,14.97330685,14.77701296,50,11.15384615,241,0,0,,,,,
50.52026385,14.97330763,14.76984223,50,11.15384615,241,0,0,,,,,
50.52027283,14.9733084,14.7626715,50,11.15384615,241,0,0,,,,,
50.52028181,14.97330918,14.75550077,50,11.15384615,241,0,0,,,,,
50.52029078,14.97330996,14.74833004,50,11.15384615,241,0,0,,,,,
50.52029976,14.97331073,14.7411593,50,11.15384615,241,0,0,,,,,
50.52030873,14.97331151,14.73398857,50,11.15384615,241,0,0,,,,,
50.52031771,14.97331229,14.72681784,50,11.15384615,241,0,0,,,,,
50.52032669,14.97331307,14.71964711,50,11.15384615,241,0,0,,,,,
50.52033566,14.97331384,14.71247637,50,11.15384615,241,0,0,,,,,
50.52034464,14.97331462,14.70530564,50,11.15384615,241,0,0,,,,,
50.52035361,14.97331542,14.69813491,50,11.15655459,241.0352097,0.181638817,0.035209706,,,,,
50.52036259,14.97331624,14.69096418,50,11.16182433,241.1037162,0,0.068506532,,,,,
50.52037156,14.97331707,14.68379345,50,11.16709406,241.1722228,0,0.068506532,,,,,
50.52038054,14.97331789,14.67662271,50,11.17236379,241.2407293,0,0.068506532,,,,,
50.52038951,14.97331871,14.66945198,50,11.17763353,241.3092358,0,0.068506532,,,,,
50.52039848,14.97331953,14.66228125,50,11.18290326,241.3777424,0,0.068506532,,,,,
50.52040746,14.97332035,14.65511052,50,11.18817299,241.4462489,0,0.068506532,,,,,
50.52041643,14.97332118,14.64793979,50,11.19344273,241.5147554,0,0.068506532,,,,,
50.52042541,14.973322,14.64076905,50,11.19871246,241.583262,0,0.068506532,,,,,
50.52043438,14.97332282,14.63359832,50,11.20398219,241.6517685,0,0.068506532,,,,,
50.52044336,14.97332364,14.62642759,50,11.20925193,241.720275,0,0.068506532,,,,,
50.52045233,14.97332447,14.61925686,50,11.21452166,241.7887816,0,0.068506532,,,,,
50.5204613,14.97332529,14.61208613,50,11.21979139,241.8572881,0,0.068506532,,,,,
50.52047028,14.97332611,14.60491539,50,11.22506112,241.9257946,0,0.068506532,,,,,
50.52047925,14.97332693,14.59774466,50,11.23033086,241.9943012,0,0.068506532,,,,,
50.52048823,14.97332775,14.60445381,50,11.15542108,242,0.02526592,0.005698843,,,,,
50.5204972,14.97332856,14.61242234,50,11.07323623,242,0,0,,,,,
50.52050618,14.97332938,14.62039087,50,10.99105137,242,0,0,,,,,
50.52051515,14.97333025,14.6283594,50,10.92857143,242,0.890165843,0,,,,uncontrolled,crossing
50.52052412,14.97333128,14.63632793,50,10.92857143,242,0,0,,,,,
50.52053308,14.97333232,14.64429647,50,10.92857143,242,0,0,,,,,
50.52054205,14.97333335,14.652265,50,10.92857143,242,0,0,,,,,
50.52055101,14.97333439,14.66023353,50,10.92857143,242,0,0,,,,,
50.52055998,14.97333542,14.66820206,50,10.92857143,242,0,0,,,,,
50.52056894,14.97333645,14.6761706,50,10.92857143,242,0,0,,,,,
50.52057791,14.97333749,14.68413913,50,10.92857143,242,0,0,,,,,
50.52058687,14.97333852,14.69210766,50,10.92857143,242,0,0,,,,,
50.52059584,14.97333956,14.70007619,50,10.92857143,242,0,0,,,,,
50.5206048,14.97334059,14.70804472,50,10.92857143,242,0,0,,,,,
50.52061377,14.97334163,14.71601326,50,10.92857143,242,0,0,,,,,
50.52062273,14.97334269,14.72398179,50,11.00122606,241.9075305,0.202777169,-0.092469532,,,,,
50.5206317,14.97334378,14.73195032,50,11.11481286,241.7629654,0,-0.144565022,,,,,
50.52064066,14.97334486,14.73991885,50,11.22839967,241.6184004,0,-0.144565022,,,,,
50.52064962,14.97334595,14.74788738,50,11.34198647,241.4738354,0,-0.144565022,,,,,
50.52065859,14.97334703,14.75585592,50,11.45557327,241.3292704,0,-0.144565022,,,,,
50.52066755,14.97334811,14.76382445,50,11.56916008,241.1847054,0,-0.144565022,,,,,
50.52067651,14.9733492,14.77179298,50,11.68274688,241.0401403,0,-0.144565022,,,,,
50.52068547,14.97335028,14.77976151,50,11.79633368,240.8955753,0,-0.144565022,,,,,
50.52069444,14.97335137,14.78773004,50,11.90992048,240.7510103,0,-0.144565022,,,,,
50.5207034,14.97335245,14.79569858,50,12.02350729,240.6064453,0,-0.144565022,,,,,
50.52071236,14.97335354,14.80366711,50,12.13709409,240.4618802,0,-0.144565022,,,,,
50.52072133,14.97335462,14.81163564,50,12.25068089,240.3173152,0,-0.144565022,,,,,
50.52073029,14.9733557,14.81960417,50,12.3642677,240.1727502,0,-0.144565022,,,,,
50.52073925,14.97335679,14.8275727,50,12.4778545,240.0281852,0,-0.144565022,,,,,
50.52074818,14.97335844,14.83554124,50,12.5,240,2.856395757,-0.028185184,,,,,
50.52075708,14.97336042,14.84350977,50,12.41838195,240,1.185775679,0,,,,,
50.52076597,14.97336249,14.8514783,50,12.29899407,240,0,0,,,,,
50.52077486,14.97336456,14.85944683,50,12.1796062,240,0,0,,,,,
50.52078375,14.97336663,14.86741536,50,12.06021832,240,0,0,,,,,
50.52079265,14.97336871,14.8753839,50,11.94083044,240,0,0,,,,,
50.52080154,14.97337078,14.88335243,50,11.82144256,240,0,0,,,,,
50.52081043,14.97337285,14.89132096,50,11.70205468,240,0,0,,,,,
50.52081932,14.97337492,14.89928949,50,11.5826668,240,0,0,,,,,
50.52082821,14.973377,14.90725803,50,11.46327893,240,0,0,,,,,
50.52083711,14.97337907,14.91522656,50,11.34389105,240,0,0,,,,,
50.520846,14.97338114,14.92319509,50,11.22450317,240,0,0,,,,,
50.52085489,14.97338322,14.93116362,50,11.10511529,240,0,0,,,,,
50.52086378,14.97338529,14.93913215,50,10.98572741,240,0,0,,,,,
50.52087268,14.97338736,14.94710069,50,10.86633953,240,0,0,,,,,
50.52088157,14.97338943,14.95506922,50,10.74695165,240,0,0,,,,,
50.52089046,14.97339147,15.01702867,50,10.75566993,240,0.196561598,0,,,,,
50.52089936,14.9733935,15.09932511,50,10.81264252,240,0,0,,,,,
50.52090826,14.97339552,15.18162156,50,10.86961512,240,0,0,,,,,
50.52091715,14.97339754,15.26391801,50,10.92658771,240,0,0,,,,,
